iso_code,continent,location,date,total_cases,new_cases,new_cases_smoothed,total_deaths,new_deaths,new_deaths_smoothed,total_cases_per_million,new_cases_per_million,new_cases_smoothed_per_million,total_deaths_per_million,new_deaths_per_million,new_deaths_smoothed_per_million,reproduction_rate,icu_patients
PHL,Asia,Philippines,30/01/2020,1,1,,,,,0.009,0.009,,,,,,
PHL,Asia,Philippines,31/01/2020,1,0,,,,,0.009,0,,,,,,
PHL,Asia,Philippines,01/02/2020,1,0,,,,,0.009,0,,,,,,
PHL,Asia,Philippines,02/02/2020,2,1,,1,1,,0.018,0.009,,0.009,0.009,,,
PHL,Asia,Philippines,03/02/2020,2,0,,1,0,,0.018,0,,0.009,0,,,
PHL,Asia,Philippines,04/02/2020,2,0,0.286,1,0,0.143,0.018,0,0.003,0.009,0,0.001,,
PHL,Asia,Philippines,05/02/2020,2,0,0.286,1,0,0.143,0.018,0,0.003,0.009,0,0.001,,
PHL,Asia,Philippines,06/02/2020,2,0,0.143,1,0,0.143,0.018,0,0.001,0.009,0,0.001,,
PHL,Asia,Philippines,07/02/2020,3,1,0.286,1,0,0.143,0.027,0.009,0.003,0.009,0,0.001,,
PHL,Asia,Philippines,08/02/2020,3,0,0.286,1,0,0.143,0.027,0,0.003,0.009,0,0.001,,
PHL,Asia,Philippines,09/02/2020,3,0,0.143,1,0,0,0.027,0,0.001,0.009,0,0,,
PHL,Asia,Philippines,10/02/2020,3,0,0.143,1,0,0,0.027,0,0.001,0.009,0,0,,
PHL,Asia,Philippines,11/02/2020,3,0,0.143,1,0,0,0.027,0,0.001,0.009,0,0,,
PHL,Asia,Philippines,12/02/2020,3,0,0.143,1,0,0,0.027,0,0.001,0.009,0,0,,
PHL,Asia,Philippines,13/02/2020,3,0,0.143,1,0,0,0.027,0,0.001,0.009,0,0,,
PHL,Asia,Philippines,14/02/2020,3,0,0,1,0,0,0.027,0,0,0.009,0,0,,
PHL,Asia,Philippines,15/02/2020,3,0,0,1,0,0,0.027,0,0,0.009,0,0,,
PHL,Asia,Philippines,16/02/2020,3,0,0,1,0,0,0.027,0,0,0.009,0,0,,
PHL,Asia,Philippines,17/02/2020,3,0,0,1,0,0,0.027,0,0,0.009,0,0,,
PHL,Asia,Philippines,18/02/2020,3,0,0,1,0,0,0.027,0,0,0.009,0,0,,
PHL,Asia,Philippines,19/02/2020,3,0,0,1,0,0,0.027,0,0,0.009,0,0,,
PHL,Asia,Philippines,20/02/2020,3,0,0,1,0,0,0.027,0,0,0.009,0,0,,
PHL,Asia,Philippines,21/02/2020,3,0,0,1,0,0,0.027,0,0,0.009,0,0,,
PHL,Asia,Philippines,22/02/2020,3,0,0,1,0,0,0.027,0,0,0.009,0,0,,
PHL,Asia,Philippines,23/02/2020,3,0,0,1,0,0,0.027,0,0,0.009,0,0,,
PHL,Asia,Philippines,24/02/2020,3,0,0,1,0,0,0.027,0,0,0.009,0,0,,
PHL,Asia,Philippines,25/02/2020,3,0,0,1,0,0,0.027,0,0,0.009,0,0,,
PHL,Asia,Philippines,26/02/2020,3,0,0,1,0,0,0.027,0,0,0.009,0,0,,
PHL,Asia,Philippines,27/02/2020,3,0,0,1,0,0,0.027,0,0,0.009,0,0,,
PHL,Asia,Philippines,28/02/2020,3,0,0,1,0,0,0.027,0,0,0.009,0,0,,
PHL,Asia,Philippines,29/02/2020,3,0,0,1,0,0,0.027,0,0,0.009,0,0,,
PHL,Asia,Philippines,01/03/2020,3,0,0,1,0,0,0.027,0,0,0.009,0,0,,
PHL,Asia,Philippines,02/03/2020,3,0,0,1,0,0,0.027,0,0,0.009,0,0,,
PHL,Asia,Philippines,03/03/2020,3,0,0,1,0,0,0.027,0,0,0.009,0,0,,
PHL,Asia,Philippines,04/03/2020,3,0,0,1,0,0,0.027,0,0,0.009,0,0,,
PHL,Asia,Philippines,05/03/2020,3,0,0,1,0,0,0.027,0,0,0.009,0,0,,
PHL,Asia,Philippines,06/03/2020,5,2,0.286,1,0,0,0.046,0.018,0.003,0.009,0,0,,
PHL,Asia,Philippines,07/03/2020,6,1,0.429,1,0,0,0.055,0.009,0.004,0.009,0,0,,
PHL,Asia,Philippines,08/03/2020,10,4,1,1,0,0,0.091,0.037,0.009,0.009,0,0,,
PHL,Asia,Philippines,09/03/2020,20,10,2.429,1,0,0,0.183,0.091,0.022,0.009,0,0,,
PHL,Asia,Philippines,10/03/2020,33,13,4.286,1,0,0,0.301,0.119,0.039,0.009,0,0,,
PHL,Asia,Philippines,11/03/2020,49,16,6.571,1,0,0,0.447,0.146,0.06,0.009,0,0,,
PHL,Asia,Philippines,12/03/2020,52,3,7,2,1,0.143,0.475,0.027,0.064,0.018,0.009,0.001,,
PHL,Asia,Philippines,13/03/2020,64,12,8.429,5,3,0.571,0.584,0.11,0.077,0.046,0.027,0.005,,
PHL,Asia,Philippines,14/03/2020,111,47,15,8,3,1,1.013,0.429,0.137,0.073,0.027,0.009,,
PHL,Asia,Philippines,15/03/2020,140,29,18.571,11,3,1.429,1.278,0.265,0.169,0.1,0.027,0.013,1.61,
PHL,Asia,Philippines,16/03/2020,142,2,17.429,12,1,1.571,1.296,0.018,0.159,0.11,0.009,0.014,1.61,
PHL,Asia,Philippines,17/03/2020,187,45,22,12,0,1.571,1.706,0.411,0.201,0.11,0,0.014,1.68,
PHL,Asia,Philippines,18/03/2020,202,15,21.857,19,7,2.571,1.843,0.137,0.199,0.173,0.064,0.023,1.72,
PHL,Asia,Philippines,19/03/2020,217,15,23.571,17,-2,2.143,1.98,0.137,0.215,0.155,-0.018,0.02,1.8,
PHL,Asia,Philippines,20/03/2020,230,13,23.714,18,1,1.857,2.099,0.119,0.216,0.164,0.009,0.017,1.93,
PHL,Asia,Philippines,21/03/2020,307,77,28,19,1,1.571,2.802,0.703,0.256,0.173,0.009,0.014,2.1,
PHL,Asia,Philippines,22/03/2020,380,73,34.286,25,6,2,3.468,0.666,0.313,0.228,0.055,0.018,2.17,
PHL,Asia,Philippines,23/03/2020,462,82,45.714,33,8,3,4.216,0.748,0.417,0.301,0.073,0.027,2.22,
PHL,Asia,Philippines,24/03/2020,552,90,52.143,35,2,3.286,5.037,0.821,0.476,0.319,0.018,0.03,2.19,
PHL,Asia,Philippines,25/03/2020,636,84,62,38,3,2.714,5.804,0.767,0.566,0.347,0.027,0.025,2.22,
PHL,Asia,Philippines,26/03/2020,707,71,70,45,7,4,6.452,0.648,0.639,0.411,0.064,0.037,2.25,
PHL,Asia,Philippines,27/03/2020,803,96,81.857,54,9,5.143,7.328,0.876,0.747,0.493,0.082,0.047,2.32,
PHL,Asia,Philippines,28/03/2020,1075,272,109.714,68,14,7,9.81,2.482,1.001,0.621,0.128,0.064,2.39,
PHL,Asia,Philippines,29/03/2020,1418,343,148.286,71,3,6.571,12.94,3.13,1.353,0.648,0.027,0.06,2.36,
PHL,Asia,Philippines,30/03/2020,1546,128,154.857,78,7,6.429,14.108,1.168,1.413,0.712,0.064,0.059,2.22,
PHL,Asia,Philippines,31/03/2020,2084,538,218.857,88,10,7.571,19.018,4.91,1.997,0.803,0.091,0.069,2.16,
PHL,Asia,Philippines,01/04/2020,2311,227,239.286,96,8,8.286,21.089,2.072,2.184,0.876,0.073,0.076,1.96,
PHL,Asia,Philippines,02/04/2020,2633,322,275.143,107,11,8.857,24.028,2.938,2.511,0.976,0.1,0.081,1.78,
PHL,Asia,Philippines,03/04/2020,3018,385,316.429,136,29,11.714,27.541,3.513,2.888,1.241,0.265,0.107,1.59,
PHL,Asia,Philippines,04/04/2020,3094,76,288.429,144,8,10.857,28.235,0.694,2.632,1.314,0.073,0.099,1.35,
PHL,Asia,Philippines,05/04/2020,3246,152,261.143,152,8,11.571,29.622,1.387,2.383,1.387,0.073,0.106,1.25,
PHL,Asia,Philippines,06/04/2020,3660,414,302,163,11,12.143,33.4,3.778,2.756,1.487,0.1,0.111,1.22,
PHL,Asia,Philippines,07/04/2020,3764,104,240,177,14,12.714,34.349,0.949,2.19,1.615,0.128,0.116,1.11,
PHL,Asia,Philippines,08/04/2020,3870,106,222.714,182,5,12.286,35.316,0.967,2.032,1.661,0.046,0.112,1.08,
PHL,Asia,Philippines,09/04/2020,4076,206,206.143,203,21,13.714,37.196,1.88,1.881,1.853,0.192,0.125,1.07,
PHL,Asia,Philippines,10/04/2020,4195,119,168.143,221,18,12.143,38.282,1.086,1.534,2.017,0.164,0.111,1.06,
PHL,Asia,Philippines,11/04/2020,4428,233,190.571,247,26,14.714,40.408,2.126,1.739,2.254,0.237,0.134,1.06,
PHL,Asia,Philippines,12/04/2020,4648,220,200.286,297,50,20.714,42.416,2.008,1.828,2.71,0.456,0.189,1.08,
PHL,Asia,Philippines,13/04/2020,4932,284,181.714,315,18,21.714,45.008,2.592,1.658,2.875,0.164,0.198,1.1,
PHL,Asia,Philippines,14/04/2020,5223,291,208.429,335,20,22.571,47.663,2.656,1.902,3.057,0.183,0.206,1.1,
PHL,Asia,Philippines,15/04/2020,5453,230,226.143,349,14,23.857,49.762,2.099,2.064,3.185,0.128,0.218,1.08,
PHL,Asia,Philippines,16/04/2020,5660,207,226.286,362,13,22.714,51.651,1.889,2.065,3.303,0.119,0.207,1.04,
PHL,Asia,Philippines,17/04/2020,5878,218,240.429,387,25,23.714,53.641,1.989,2.194,3.532,0.228,0.216,1.01,
PHL,Asia,Philippines,18/04/2020,6087,209,237,397,10,21.429,55.548,1.907,2.163,3.623,0.091,0.196,0.97,
PHL,Asia,Philippines,19/04/2020,6259,172,230.143,409,12,16,57.118,1.57,2.1,3.732,0.11,0.146,0.93,
PHL,Asia,Philippines,20/04/2020,6459,200,218.143,428,19,16.143,58.943,1.825,1.991,3.906,0.173,0.147,0.93,
PHL,Asia,Philippines,21/04/2020,6599,140,196.571,437,9,14.571,60.22,1.278,1.794,3.988,0.082,0.133,0.93,
PHL,Asia,Philippines,22/04/2020,6710,111,179.571,446,9,13.857,61.233,1.013,1.639,4.07,0.082,0.126,0.96,
PHL,Asia,Philippines,23/04/2020,6981,271,188.714,462,16,14.286,63.706,2.473,1.722,4.216,0.146,0.13,1,
PHL,Asia,Philippines,24/04/2020,7192,211,187.714,477,15,12.857,65.632,1.926,1.713,4.353,0.137,0.117,1.01,
PHL,Asia,Philippines,25/04/2020,7294,102,172.429,494,17,13.857,66.563,0.931,1.574,4.508,0.155,0.126,1.01,
PHL,Asia,Philippines,26/04/2020,7579,285,188.571,501,7,13.143,69.163,2.601,1.721,4.572,0.064,0.12,1.04,
PHL,Asia,Philippines,27/04/2020,7777,198,188.286,511,10,11.857,70.97,1.807,1.718,4.663,0.091,0.108,1.06,
PHL,Asia,Philippines,28/04/2020,7958,181,194.143,530,19,13.286,72.622,1.652,1.772,4.837,0.173,0.121,1.08,
PHL,Asia,Philippines,29/04/2020,8212,254,214.571,558,28,16,74.94,2.318,1.958,5.092,0.256,0.146,1.11,
PHL,Asia,Philippines,30/04/2020,8488,276,215.286,568,10,15.143,77.459,2.519,1.965,5.183,0.091,0.138,1.12,
PHL,Asia,Philippines,01/05/2020,8772,284,225.714,579,11,14.571,80.05,2.592,2.06,5.284,0.1,0.133,1.12,
PHL,Asia,Philippines,02/05/2020,8928,156,233.429,603,24,15.571,81.474,1.424,2.13,5.503,0.219,0.142,1.1,
PHL,Asia,Philippines,03/05/2020,9223,295,234.857,607,4,15.143,84.166,2.692,2.143,5.539,0.037,0.138,1.1,
PHL,Asia,Philippines,04/05/2020,9485,262,244,623,16,16,86.557,2.391,2.227,5.685,0.146,0.146,1.09,
PHL,Asia,Philippines,05/05/2020,9684,199,246.571,637,14,15.286,88.373,1.816,2.25,5.813,0.128,0.139,1.08,
PHL,Asia,Philippines,06/05/2020,10004,320,256,658,21,14.286,91.293,2.92,2.336,6.005,0.192,0.13,1.08,
PHL,Asia,Philippines,07/05/2020,10343,339,265,685,27,16.714,94.387,3.094,2.418,6.251,0.246,0.153,1.05,
PHL,Asia,Philippines,08/05/2020,10463,120,241.571,696,11,16.714,95.482,1.095,2.204,6.351,0.1,0.153,1,
PHL,Asia,Philippines,09/05/2020,10610,147,240.286,704,8,14.429,96.823,1.341,2.193,6.424,0.073,0.132,0.99,
PHL,Asia,Philippines,10/05/2020,10794,184,224.429,719,15,16,98.502,1.679,2.048,6.561,0.137,0.146,1,
PHL,Asia,Philippines,11/05/2020,11086,292,228.714,726,7,14.714,101.167,2.665,2.087,6.625,0.064,0.134,1.03,
PHL,Asia,Philippines,12/05/2020,11350,264,238,751,25,16.286,103.576,2.409,2.172,6.853,0.228,0.149,1.05,
PHL,Asia,Philippines,13/05/2020,11618,268,230.571,772,21,16.286,106.022,2.446,2.104,7.045,0.192,0.149,1.04,
PHL,Asia,Philippines,14/05/2020,11876,258,219,790,18,15,108.376,2.354,1.999,7.209,0.164,0.137,1.03,
PHL,Asia,Philippines,15/05/2020,12091,215,232.571,806,16,15.714,110.338,1.962,2.122,7.355,0.146,0.143,1.01,
PHL,Asia,Philippines,16/05/2020,12305,214,242.143,817,11,16.143,112.291,1.953,2.21,7.456,0.1,0.147,1.01,
PHL,Asia,Philippines,17/05/2020,12513,208,245.571,824,7,15,114.189,1.898,2.241,7.52,0.064,0.137,1,
PHL,Asia,Philippines,18/05/2020,12718,205,233.143,831,7,15,116.06,1.871,2.128,7.583,0.064,0.137,1.01,
PHL,Asia,Philippines,19/05/2020,12942,224,227.429,837,6,12.286,118.104,2.044,2.075,7.638,0.055,0.112,1.04,
PHL,Asia,Philippines,20/05/2020,13221,279,229,842,5,10,120.65,2.546,2.09,7.684,0.046,0.091,1.06,
PHL,Asia,Philippines,21/05/2020,13434,213,222.571,846,4,8,122.594,1.944,2.031,7.72,0.037,0.073,1.07,
PHL,Asia,Philippines,22/05/2020,13597,163,215.143,857,11,7.286,124.082,1.487,1.963,7.821,0.1,0.066,1.09,
PHL,Asia,Philippines,23/05/2020,13777,180,210.286,863,6,6.571,125.724,1.643,1.919,7.875,0.055,0.06,1.16,
PHL,Asia,Philippines,24/05/2020,14035,258,217.429,868,5,6.286,128.079,2.354,1.984,7.921,0.046,0.057,1.24,
PHL,Asia,Philippines,25/05/2020,14319,284,228.714,873,5,6,130.67,2.592,2.087,7.967,0.046,0.055,1.35,
PHL,Asia,Philippines,26/05/2020,14669,350,246.714,886,13,7,133.864,3.194,2.251,8.085,0.119,0.064,1.45,
PHL,Asia,Philippines,27/05/2020,15049,380,261.143,904,18,8.857,137.332,3.468,2.383,8.25,0.164,0.081,1.54,
PHL,Asia,Philippines,28/05/2020,15588,539,307.714,921,17,10.714,142.251,4.919,2.808,8.405,0.155,0.098,1.64,
PHL,Asia,Philippines,29/05/2020,16634,1046,433.857,942,21,12.143,151.796,9.545,3.959,8.596,0.192,0.111,1.69,
PHL,Asia,Philippines,30/05/2020,17224,590,492.429,950,8,12.429,157.18,5.384,4.494,8.669,0.073,0.113,1.61,
PHL,Asia,Philippines,31/05/2020,18086,862,578.714,957,7,12.714,165.047,7.866,5.281,8.733,0.064,0.116,1.52,
PHL,Asia,Philippines,01/06/2020,18638,552,617,960,3,12.429,170.084,5.037,5.631,8.761,0.027,0.113,1.41,
PHL,Asia,Philippines,02/06/2020,18997,359,618.286,966,6,11.429,173.36,3.276,5.642,8.815,0.055,0.104,1.32,
PHL,Asia,Philippines,03/06/2020,19748,751,671.286,974,8,10,180.214,6.853,6.126,8.888,0.073,0.091,1.27,
PHL,Asia,Philippines,04/06/2020,20382,634,684.857,984,10,9,185.999,5.786,6.25,8.98,0.091,0.082,1.21,
PHL,Asia,Philippines,05/06/2020,20626,244,570.286,987,3,6.429,188.226,2.227,5.204,9.007,0.027,0.059,1.14,
PHL,Asia,Philippines,06/06/2020,21340,714,588,994,7,6.286,194.742,6.516,5.366,9.071,0.064,0.057,1.15,
PHL,Asia,Philippines,07/06/2020,21895,555,544.143,1003,9,6.571,199.806,5.065,4.966,9.153,0.082,0.06,1.13,
PHL,Asia,Philippines,08/06/2020,22474,579,548,1011,8,7.286,205.09,5.284,5.001,9.226,0.073,0.066,1.12,
PHL,Asia,Philippines,09/06/2020,22992,518,570.714,1017,6,7.286,209.817,4.727,5.208,9.281,0.055,0.066,1.11,
PHL,Asia,Philippines,10/06/2020,23732,740,569.143,1027,10,7.571,216.57,6.753,5.194,9.372,0.091,0.069,1.09,
PHL,Asia,Philippines,11/06/2020,24175,443,541.857,1036,9,7.429,220.613,4.043,4.945,9.454,0.082,0.068,1.06,
PHL,Asia,Philippines,12/06/2020,24787,612,594.429,1052,16,9.286,226.198,5.585,5.425,9.6,0.146,0.085,1.05,
PHL,Asia,Philippines,13/06/2020,25392,605,578.857,1074,22,11.429,231.719,5.521,5.282,9.801,0.201,0.104,1.03,
PHL,Asia,Philippines,14/06/2020,25930,538,576.429,1088,14,12.143,236.628,4.91,5.26,9.929,0.128,0.111,1.02,
PHL,Asia,Philippines,15/06/2020,26420,490,563.714,1098,10,12.429,241.1,4.472,5.144,10.02,0.091,0.113,1.02,
PHL,Asia,Philippines,16/06/2020,26781,361,541.286,1103,5,12.286,244.394,3.294,4.94,10.066,0.046,0.112,1.03,
PHL,Asia,Philippines,17/06/2020,27238,457,500.857,1108,5,11.571,248.565,4.17,4.571,10.111,0.046,0.106,1.06,
PHL,Asia,Philippines,18/06/2020,27799,561,517.714,1116,8,11.429,253.684,5.119,4.724,10.184,0.073,0.104,1.11,
PHL,Asia,Philippines,19/06/2020,28459,660,524.571,1130,14,11.143,259.707,6.023,4.787,10.312,0.128,0.102,1.16,
PHL,Asia,Philippines,20/06/2020,29400,941,572.571,1150,20,10.857,268.294,8.587,5.225,10.495,0.183,0.099,1.2,
PHL,Asia,Philippines,21/06/2020,30052,652,588.857,1169,19,11.571,274.244,5.95,5.374,10.668,0.173,0.106,1.21,
PHL,Asia,Philippines,22/06/2020,30682,630,608.857,1177,8,11.286,279.994,5.749,5.556,10.741,0.073,0.103,1.22,
PHL,Asia,Philippines,23/06/2020,31825,1143,720.571,1186,9,11.857,290.424,10.431,6.576,10.823,0.082,0.108,1.24,
PHL,Asia,Philippines,24/06/2020,32295,470,722.429,1204,18,13.714,294.713,4.289,6.593,10.987,0.164,0.125,1.21,
PHL,Asia,Philippines,25/06/2020,33069,774,752.857,1212,8,13.714,301.777,7.063,6.87,11.06,0.073,0.125,1.22,
PHL,Asia,Philippines,26/06/2020,34073,1004,802,1224,12,13.429,310.939,9.162,7.319,11.17,0.11,0.123,1.22,
PHL,Asia,Philippines,27/06/2020,34803,730,771.857,1236,12,12.286,317.6,6.662,7.044,11.279,0.11,0.112,1.21,
PHL,Asia,Philippines,28/06/2020,35455,652,771.857,1244,8,10.714,323.55,5.95,7.044,11.352,0.073,0.098,1.22,
PHL,Asia,Philippines,29/06/2020,36438,983,822.286,1255,11,11.143,332.521,8.971,7.504,11.453,0.1,0.102,1.27,
PHL,Asia,Philippines,30/06/2020,37514,1076,812.714,1266,11,11.429,342.34,9.819,7.417,11.553,0.1,0.104,1.31,
PHL,Asia,Philippines,01/07/2020,38511,997,888,1270,4,9.429,351.438,9.098,8.104,11.59,0.037,0.086,1.32,
PHL,Asia,Philippines,02/07/2020,38805,294,819.429,1274,4,8.857,354.121,2.683,7.478,11.626,0.037,0.081,1.35,
PHL,Asia,Philippines,03/07/2020,40336,1531,894.714,1280,6,8,368.093,13.971,8.165,11.681,0.055,0.073,1.44,
PHL,Asia,Philippines,04/07/2020,41830,1494,1003.857,1290,10,7.714,381.726,13.634,9.161,11.772,0.091,0.07,1.5,
PHL,Asia,Philippines,05/07/2020,44254,2424,1257,1297,7,7.571,403.847,22.121,11.471,11.836,0.064,0.069,1.54,
PHL,Asia,Philippines,06/07/2020,46333,2079,1413.571,1303,6,6.857,422.819,18.972,12.9,11.891,0.055,0.063,1.5,
PHL,Asia,Philippines,07/07/2020,47873,1540,1479.857,1309,6,6.143,436.873,14.054,13.505,11.945,0.055,0.056,1.43,
PHL,Asia,Philippines,08/07/2020,50359,2486,1692.571,1314,5,6.286,459.559,22.686,15.446,11.991,0.046,0.057,1.36,
PHL,Asia,Philippines,09/07/2020,51754,1395,1849.857,1314,0,5.714,472.29,12.73,16.881,11.991,0,0.052,1.25,
PHL,Asia,Philippines,10/07/2020,52914,1160,1796.857,1360,46,11.429,482.875,10.586,16.398,12.411,0.42,0.104,1.17,
PHL,Asia,Philippines,11/07/2020,54222,1308,1770.286,1372,12,11.714,494.812,11.936,16.155,12.52,0.11,0.107,1.12,
PHL,Asia,Philippines,12/07/2020,56259,2037,1715,1534,162,33.857,513.401,18.589,15.651,13.999,1.478,0.309,1.1,
PHL,Asia,Philippines,13/07/2020,57006,747,1524.714,1599,65,42.286,520.218,6.817,13.914,14.592,0.593,0.386,1.07,
PHL,Asia,Philippines,14/07/2020,57545,539,1381.714,1603,4,42,525.136,4.919,12.609,14.628,0.037,0.383,1.08,
PHL,Asia,Philippines,15/07/2020,58850,1305,1213,1614,11,42.857,537.045,11.909,11.069,14.729,0.1,0.391,1.14,
PHL,Asia,Philippines,16/07/2020,61266,2416,1358.857,1643,29,47,559.093,22.048,12.4,14.993,0.265,0.429,1.2,
PHL,Asia,Philippines,17/07/2020,63001,1735,1441,1660,17,42.857,574.926,15.833,13.15,15.149,0.155,0.391,1.2,
PHL,Asia,Philippines,18/07/2020,65304,2303,1583.143,1773,113,57.286,595.942,21.016,14.447,16.18,1.031,0.523,1.21,
PHL,Asia,Philippines,19/07/2020,67456,2152,1599.571,1831,58,42.429,615.581,19.638,14.597,16.709,0.529,0.387,1.19,
PHL,Asia,Philippines,20/07/2020,68898,1442,1698.857,1835,4,33.714,628.74,13.159,15.503,16.746,0.037,0.308,1.18,
PHL,Asia,Philippines,21/07/2020,70764,1866,1888.429,1837,2,33.429,645.768,17.028,17.233,16.764,0.018,0.305,1.17,
PHL,Asia,Philippines,22/07/2020,72269,1505,1917,1843,6,32.714,659.503,13.734,17.494,16.819,0.055,0.299,1.16,
PHL,Asia,Philippines,23/07/2020,74390,2121,1874.857,1871,28,32.571,678.858,19.356,17.109,17.074,0.256,0.297,1.16,
PHL,Asia,Philippines,24/07/2020,76444,2054,1920.429,1879,8,31.286,697.602,18.744,17.525,17.147,0.073,0.286,1.17,
PHL,Asia,Philippines,25/07/2020,78412,1968,1872.571,1897,18,17.714,715.561,17.959,17.088,17.311,0.164,0.162,1.17,
PHL,Asia,Philippines,26/07/2020,80448,2036,1856,1932,35,14.429,734.141,18.58,16.937,17.631,0.319,0.132,1.19,
PHL,Asia,Philippines,27/07/2020,82040,1592,1877.429,1945,13,15.714,748.669,14.528,17.133,17.749,0.119,0.143,1.23,
PHL,Asia,Philippines,28/07/2020,83673,1633,1844.143,1947,2,15.714,763.572,14.902,16.829,17.768,0.018,0.143,1.28,
PHL,Asia,Philippines,29/07/2020,85486,1813,1888.143,1962,15,17,780.116,16.545,17.231,17.905,0.137,0.155,1.36,
PHL,Asia,Philippines,30/07/2020,89374,3888,2140.571,1983,21,16,815.597,35.481,19.534,18.096,0.192,0.146,1.46,
PHL,Asia,Philippines,31/07/2020,93354,3980,2415.714,2023,40,20.571,851.917,36.32,22.045,18.461,0.365,0.188,1.51,
PHL,Asia,Philippines,01/08/2020,98232,4878,2831.429,2039,16,20.286,896.432,44.515,25.839,18.607,0.146,0.185,1.52,
PHL,Asia,Philippines,02/08/2020,103185,4953,3248.143,2059,20,18.143,941.631,45.199,29.641,18.79,0.183,0.166,1.49,
PHL,Asia,Philippines,03/08/2020,106330,3145,3470,2104,45,22.714,970.332,28.7,31.666,19.2,0.411,0.207,1.43,
PHL,Asia,Philippines,04/08/2020,112593,6263,4131.429,2115,11,24,1027.486,57.154,37.702,19.301,0.1,0.219,1.4,
PHL,Asia,Philippines,05/08/2020,115980,3387,4356.286,2123,8,23,1058.394,30.909,39.754,19.374,0.073,0.21,1.31,
PHL,Asia,Philippines,06/08/2020,119460,3480,4298,2150,27,23.857,1090.152,31.757,39.222,19.62,0.246,0.218,1.24,
PHL,Asia,Philippines,07/08/2020,122754,3294,4200,2168,18,20.714,1120.212,30.06,38.328,19.784,0.164,0.189,1.19,
PHL,Asia,Philippines,08/08/2020,126885,4131,4093.286,2209,41,24.286,1157.91,37.698,37.354,20.159,0.374,0.222,1.18,
PHL,Asia,Philippines,09/08/2020,129913,3028,3818.286,2270,61,30.143,1185.542,27.633,34.844,20.715,0.557,0.275,1.18,
PHL,Asia,Philippines,10/08/2020,136638,6725,4329.714,2294,24,27.143,1246.912,61.37,39.512,20.934,0.219,0.248,1.2,
PHL,Asia,Philippines,11/08/2020,139538,2900,3849.286,2312,18,28.143,1273.377,26.464,35.127,21.099,0.164,0.257,1.16,
PHL,Asia,Philippines,12/08/2020,143749,4211,3967,2404,92,40.143,1311.805,38.428,36.202,21.938,0.84,0.366,1.14,
PHL,Asia,Philippines,13/08/2020,147526,3777,4009.429,2426,22,39.429,1346.272,34.468,36.589,22.139,0.201,0.36,1.12,
PHL,Asia,Philippines,14/08/2020,153660,6134,4415.143,2442,16,39.143,1402.249,55.977,40.291,22.285,0.146,0.357,1.11,
PHL,Asia,Philippines,15/08/2020,157918,4258,4433.286,2600,158,55.857,1441.106,38.857,40.457,23.727,1.442,0.51,1.07,
PHL,Asia,Philippines,16/08/2020,161253,3335,4477.143,2665,65,56.429,1471.54,30.434,40.857,24.32,0.593,0.515,1.05,
PHL,Asia,Philippines,17/08/2020,164474,3221,3976.571,2681,16,55.286,1500.934,29.394,36.289,24.466,0.146,0.505,1.04,
PHL,Asia,Philippines,18/08/2020,169213,4739,4239.286,2687,6,53.571,1544.181,43.247,38.686,24.521,0.055,0.489,1.05,
PHL,Asia,Philippines,19/08/2020,173774,4561,4289.286,2795,108,55.857,1585.803,41.622,39.143,25.506,0.986,0.51,1.04,
PHL,Asia,Philippines,20/08/2020,178022,4248,4356.571,2883,88,65.286,1624.569,38.766,39.757,26.309,0.803,0.596,1.03,
PHL,Asia,Philippines,21/08/2020,182365,4343,4100.714,2940,57,71.143,1664.201,39.633,37.422,26.829,0.52,0.649,1,
PHL,Asia,Philippines,22/08/2020,187249,4884,4190.143,2966,26,52.286,1708.771,44.57,38.238,27.067,0.237,0.477,0.99,
PHL,Asia,Philippines,23/08/2020,189601,2352,4049.714,2998,32,47.571,1730.235,21.464,36.956,27.359,0.292,0.434,0.97,
PHL,Asia,Philippines,24/08/2020,194252,4651,4254,3010,12,47,1772.678,42.443,38.821,27.468,0.11,0.429,0.97,
PHL,Asia,Philippines,25/08/2020,197164,2912,3993,3038,28,50.143,1799.252,26.574,36.439,27.724,0.256,0.458,0.97,
PHL,Asia,Philippines,26/08/2020,202361,5197,4083.857,3137,99,48.857,1846.678,47.426,37.268,28.627,0.903,0.446,0.97,
PHL,Asia,Philippines,27/08/2020,205581,3220,3937,3234,97,50.143,1876.063,29.385,35.928,29.512,0.885,0.458,0.95,
PHL,Asia,Philippines,28/08/2020,209544,3963,3882.714,3325,91,55,1912.228,36.165,35.432,30.343,0.83,0.502,0.93,
PHL,Asia,Philippines,29/08/2020,213131,3587,3697.429,3419,94,64.714,1944.962,32.734,33.741,31.201,0.858,0.591,0.92,
PHL,Asia,Philippines,30/08/2020,217396,4265,3970.714,3520,101,74.571,1983.883,38.921,36.235,32.122,0.922,0.681,0.91,
PHL,Asia,Philippines,31/08/2020,220819,3423,3795.286,3558,38,78.286,2015.12,31.237,34.634,32.469,0.347,0.714,0.9,
PHL,Asia,Philippines,01/09/2020,224264,3445,3871.429,3597,39,79.857,2046.558,31.438,35.329,32.825,0.356,0.729,0.87,
PHL,Asia,Philippines,02/09/2020,226440,2176,3439.857,3623,26,69.429,2066.415,19.857,31.391,33.062,0.237,0.634,0.85,
PHL,Asia,Philippines,03/09/2020,228403,1963,3260.286,3688,65,64.857,2084.329,17.914,29.752,33.655,0.593,0.592,0.84,
PHL,Asia,Philippines,04/09/2020,232072,3669,3218.286,3737,49,58.857,2117.811,33.482,29.369,34.103,0.447,0.537,0.85,
PHL,Asia,Philippines,05/09/2020,234570,2498,3062.714,3790,53,53,2140.607,22.796,27.949,34.586,0.484,0.484,0.86,
PHL,Asia,Philippines,06/09/2020,237365,2795,2852.714,3875,85,50.714,2166.113,25.506,26.033,35.362,0.776,0.463,0.88,
PHL,Asia,Philippines,07/09/2020,238727,1362,2558.286,3890,15,47.429,2178.542,12.429,23.346,35.499,0.137,0.433,0.91,
PHL,Asia,Philippines,08/09/2020,241987,3260,2531.857,3916,26,45.571,2208.292,29.75,23.105,35.736,0.237,0.416,0.98,
PHL,Asia,Philippines,09/09/2020,245143,3156,2671.857,3986,70,51.857,2237.092,28.801,24.382,36.375,0.639,0.473,1.03,
PHL,Asia,Philippines,10/09/2020,248947,3804,2934.857,4066,80,54,2271.806,34.714,26.783,37.105,0.73,0.493,1.07,
PHL,Asia,Philippines,11/09/2020,252964,4017,2984.571,4108,42,53,2308.464,36.658,27.236,37.488,0.383,0.484,1.09,
PHL,Asia,Philippines,12/09/2020,257863,4899,3327.571,4292,184,71.714,2353.171,44.707,30.366,39.167,1.679,0.654,1.1,
PHL,Asia,Philippines,13/09/2020,261216,3353,3407.286,4371,79,70.857,2383.769,30.598,31.094,39.888,0.721,0.647,1.08,
PHL,Asia,Philippines,14/09/2020,265888,4672,3880.143,4630,259,105.714,2426.404,42.635,35.409,42.252,2.364,0.965,1.08,
PHL,Asia,Philippines,15/09/2020,269407,3519,3917.143,4663,33,106.714,2458.517,32.113,35.747,42.553,0.301,0.974,1.05,
PHL,Asia,Philippines,16/09/2020,272934,3527,3970.143,4732,69,106.571,2490.704,32.186,36.23,43.183,0.63,0.973,1.02,
PHL,Asia,Philippines,17/09/2020,276289,3355,3906,4785,53,102.714,2521.32,30.617,35.645,43.666,0.484,0.937,0.99,
PHL,Asia,Philippines,18/09/2020,279526,3237,3794.571,4830,45,103.143,2550.86,29.54,34.628,44.077,0.411,0.941,0.95,
PHL,Asia,Philippines,19/09/2020,283460,3934,3656.714,4930,100,91.143,2586.76,35.9,33.37,44.99,0.913,0.832,0.94,
PHL,Asia,Philippines,20/09/2020,286743,3283,3646.714,4984,54,87.571,2616.72,29.96,33.279,45.482,0.493,0.799,0.91,
PHL,Asia,Philippines,21/09/2020,290190,3447,3471.714,4999,15,52.714,2648.176,31.456,31.682,45.619,0.137,0.481,0.88,
PHL,Asia,Philippines,22/09/2020,291789,1599,3197.429,5049,50,55.143,2662.768,14.592,29.179,46.075,0.456,0.503,0.86,
PHL,Asia,Philippines,23/09/2020,294591,2802,3093.857,5091,42,51.286,2688.338,25.57,28.233,46.459,0.383,0.468,0.85,
PHL,Asia,Philippines,24/09/2020,296755,2164,2923.714,5127,36,48.857,2708.086,19.748,26.681,46.787,0.329,0.446,0.84,
PHL,Asia,Philippines,25/09/2020,299361,2606,2833.571,5196,69,52.286,2731.867,23.781,25.858,47.417,0.63,0.477,0.84,
PHL,Asia,Philippines,26/09/2020,301256,1895,2542.286,5284,88,50.571,2749.161,17.293,23.2,48.22,0.803,0.461,0.84,
PHL,Asia,Philippines,27/09/2020,304226,2970,2497.571,5344,60,51.429,2776.264,27.103,22.792,48.768,0.548,0.469,0.87,
PHL,Asia,Philippines,28/09/2020,307288,3062,2442.571,5381,37,54.571,2804.207,27.943,22.29,49.105,0.338,0.498,0.89,
PHL,Asia,Philippines,29/09/2020,309303,2015,2502,5448,67,57,2822.595,18.388,22.832,49.717,0.611,0.52,0.9,
PHL,Asia,Philippines,30/09/2020,311694,2391,2443.286,5504,56,59,2844.414,21.819,22.297,50.228,0.511,0.538,0.91,
PHL,Asia,Philippines,01/10/2020,314079,2385,2474.857,5562,58,62.143,2866.179,21.765,22.585,50.757,0.529,0.567,0.92,
PHL,Asia,Philippines,02/10/2020,316678,2599,2473.857,5616,54,60,2889.897,23.718,22.576,51.25,0.493,0.548,0.92,
PHL,Asia,Philippines,03/10/2020,319330,2652,2582,5678,62,56.286,2914.098,24.201,23.562,51.816,0.566,0.514,0.94,
PHL,Asia,Philippines,04/10/2020,322497,3167,2610.143,5776,98,61.714,2942.999,28.901,23.819,52.71,0.894,0.563,0.95,
PHL,Asia,Philippines,05/10/2020,324762,2265,2496.286,5840,64,65.571,2963.668,20.67,22.78,53.294,0.584,0.598,0.94,
PHL,Asia,Philippines,06/10/2020,326833,2071,2504.286,5865,25,59.571,2982.568,18.899,22.853,53.522,0.228,0.544,0.95,
PHL,Asia,Philippines,07/10/2020,329637,2804,2563.286,5925,60,60.143,3008.156,25.588,23.392,54.07,0.548,0.549,0.97,
PHL,Asia,Philippines,08/10/2020,331869,2232,2541.429,6069,144,72.429,3028.524,20.368,23.192,55.384,1.314,0.661,0.96,
PHL,Asia,Philippines,09/10/2020,334770,2901,2584.571,6152,83,76.571,3054.998,26.474,23.586,56.141,0.757,0.699,0.95,
PHL,Asia,Philippines,10/10/2020,336926,2156,2513.714,6238,86,80,3074.673,19.675,22.939,56.926,0.785,0.73,0.95,
PHL,Asia,Philippines,11/10/2020,339341,2415,2406.286,6321,83,77.857,3096.711,22.038,21.959,57.683,0.757,0.71,0.95,
PHL,Asia,Philippines,12/10/2020,342816,3475,2579.143,6332,11,70.286,3128.423,31.712,23.536,57.784,0.1,0.641,0.97,
PHL,Asia,Philippines,13/10/2020,344713,1897,2554.286,6372,40,72.429,3145.735,17.311,23.31,58.149,0.365,0.661,0.95,
PHL,Asia,Philippines,14/10/2020,346536,1823,2414.143,6449,77,74.857,3162.371,16.636,22.031,58.851,0.703,0.683,0.94,
PHL,Asia,Philippines,15/10/2020,348698,2162,2404.143,6497,48,61.143,3182.1,19.73,21.939,59.289,0.438,0.558,0.94,
PHL,Asia,Philippines,16/10/2020,351750,3052,2425.714,6531,34,54.143,3209.952,27.852,22.136,59.6,0.31,0.494,0.95,
PHL,Asia,Philippines,17/10/2020,354338,2588,2487.429,6603,72,52.143,3233.569,23.617,22.699,60.257,0.657,0.476,0.93,
PHL,Asia,Philippines,18/10/2020,356618,2280,2468.143,6652,49,47.286,3254.376,20.807,22.523,60.704,0.447,0.432,0.91,
PHL,Asia,Philippines,19/10/2020,359169,2551,2336.143,6675,23,49,3277.655,23.28,21.319,60.914,0.21,0.447,0.89,
PHL,Asia,Philippines,20/10/2020,360775,1606,2294.571,6690,15,45.429,3292.311,14.656,20.939,61.051,0.137,0.415,0.88,
PHL,Asia,Philippines,21/10/2020,362243,1468,2243.857,6747,57,42.571,3305.707,13.396,20.477,61.571,0.52,0.388,0.86,
PHL,Asia,Philippines,22/10/2020,363888,1645,2170,6783,36,40.857,3320.719,15.012,19.803,61.899,0.329,0.373,0.86,
PHL,Asia,Philippines,23/10/2020,365799,1911,2007,6915,132,54.857,3338.158,17.439,18.315,63.104,1.205,0.501,0.86,
PHL,Asia,Philippines,24/10/2020,367819,2020,1925.857,6934,19,47.286,3356.592,18.434,17.575,63.277,0.173,0.432,0.87,
PHL,Asia,Philippines,25/10/2020,370028,2209,1915.714,6977,43,46.429,3376.751,20.159,17.482,63.67,0.392,0.424,0.88,
PHL,Asia,Philippines,26/10/2020,371630,1602,1780.143,7039,62,52,3391.37,14.619,16.245,64.236,0.566,0.475,0.89,
PHL,Asia,Philippines,27/10/2020,373144,1514,1767,7053,14,51.857,3405.186,13.816,16.125,64.363,0.128,0.473,0.92,
PHL,Asia,Philippines,28/10/2020,375180,2036,1848.143,7114,61,52.429,3423.766,18.58,16.866,64.92,0.557,0.478,0.94,
PHL,Asia,Philippines,29/10/2020,376935,1755,1863.857,7147,33,52,3439.782,16.016,17.009,65.221,0.301,0.475,0.94,
PHL,Asia,Philippines,30/10/2020,378933,1998,1876.286,7185,38,38.571,3458.015,18.233,17.122,65.568,0.347,0.352,0.94,
PHL,Asia,Philippines,31/10/2020,380729,1796,1844.286,7221,36,41,3474.404,16.39,16.83,65.896,0.329,0.374,0.95,
PHL,Asia,Philippines,01/11/2020,383113,2384,1869.286,7238,17,37.286,3496.16,21.756,17.058,66.052,0.155,0.34,0.96,
PHL,Asia,Philippines,02/11/2020,385400,2287,1967.143,7269,31,32.857,3517.03,20.87,17.951,66.334,0.283,0.3,0.97,
PHL,Asia,Philippines,03/11/2020,387161,1761,2002.429,7318,49,37.857,3533.101,16.07,18.273,66.782,0.447,0.345,0.96,
PHL,Asia,Philippines,04/11/2020,388137,976,1851,7367,49,36.143,3542.007,8.907,16.892,67.229,0.447,0.33,0.94,
PHL,Asia,Philippines,05/11/2020,389725,1588,1827.143,7409,42,37.429,3556.499,14.492,16.674,67.612,0.383,0.342,0.95,
PHL,Asia,Philippines,06/11/2020,391809,2084,1839.429,7461,52,39.429,3575.517,19.018,16.786,68.087,0.475,0.36,0.97,
PHL,Asia,Philippines,07/11/2020,393961,2152,1890.286,7485,24,37.714,3595.155,19.638,17.25,68.306,0.219,0.344,0.98,
PHL,Asia,Philippines,08/11/2020,396395,2434,1897.429,7539,54,43,3617.367,22.212,17.315,68.798,0.493,0.392,0.98,
PHL,Asia,Philippines,09/11/2020,398449,2054,1864.143,7647,108,54,3636.111,18.744,17.012,69.784,0.986,0.493,0.96,
PHL,Asia,Philippines,10/11/2020,399749,1300,1798.286,7661,14,49,3647.974,11.863,16.411,69.912,0.128,0.447,0.94,
PHL,Asia,Philippines,11/11/2020,401416,1667,1897,7710,49,49,3663.187,15.212,17.311,70.359,0.447,0.447,0.93,
PHL,Asia,Philippines,12/11/2020,402820,1404,1870.714,7721,11,44.571,3675.999,12.812,17.072,70.459,0.1,0.407,0.92,
PHL,Asia,Philippines,13/11/2020,404713,1893,1843.429,7752,31,41.571,3693.274,17.275,16.823,70.742,0.283,0.379,0.91,
PHL,Asia,Philippines,14/11/2020,406337,1624,1768,7791,39,43.714,3708.094,14.82,16.134,71.098,0.356,0.399,0.89,
PHL,Asia,Philippines,15/11/2020,407838,1501,1634.714,7832,41,41.857,3721.792,13.698,14.918,71.472,0.374,0.382,0.89,
PHL,Asia,Philippines,16/11/2020,409574,1736,1589.286,7839,7,27.429,3737.634,15.842,14.503,71.536,0.064,0.25,0.9,
PHL,Asia,Philippines,17/11/2020,410718,1144,1567,7862,23,28.714,3748.074,10.44,14.3,71.746,0.21,0.262,0.91,
PHL,Asia,Philippines,18/11/2020,412097,1379,1525.857,7957,95,35.286,3760.658,12.584,13.924,72.613,0.867,0.322,0.92,
PHL,Asia,Philippines,19/11/2020,413430,1333,1515.714,7998,41,39.571,3772.823,12.165,13.832,72.987,0.374,0.361,0.93,
PHL,Asia,Philippines,20/11/2020,415067,1637,1479.143,8025,27,39,3787.761,14.939,13.498,73.233,0.246,0.356,0.95,
PHL,Asia,Philippines,21/11/2020,416852,1785,1502.143,8080,55,41.286,3804.051,16.289,13.708,73.735,0.502,0.377,0.96,
PHL,Asia,Philippines,22/11/2020,418818,1966,1568.571,8123,43,41.571,3821.992,17.941,14.314,74.128,0.392,0.379,0.97,
PHL,Asia,Philippines,23/11/2020,420614,1796,1577.143,8173,50,47.714,3838.381,16.39,14.392,74.584,0.456,0.435,0.97,
PHL,Asia,Philippines,24/11/2020,421722,1108,1572,8185,12,46.143,3848.493,10.111,14.346,74.694,0.11,0.421,0.96,
PHL,Asia,Philippines,25/11/2020,422915,1193,1545.429,8215,30,36.857,3859.38,10.887,14.103,74.967,0.274,0.336,0.96,
PHL,Asia,Philippines,26/11/2020,424297,1382,1552.429,8242,27,34.857,3871.991,12.612,14.167,75.214,0.246,0.318,0.97,
PHL,Asia,Philippines,27/11/2020,425918,1621,1550.143,8255,13,32.857,3886.784,14.793,14.146,75.332,0.119,0.3,0.98,
PHL,Asia,Philippines,28/11/2020,427797,1879,1563.571,8333,78,36.143,3903.931,17.147,14.269,76.044,0.712,0.33,1,
PHL,Asia,Philippines,29/11/2020,429864,2067,1578,8373,40,35.714,3922.794,18.863,14.4,76.409,0.365,0.326,1,
PHL,Asia,Philippines,30/11/2020,431630,1766,1573.714,8392,19,31.286,3938.91,16.116,14.361,76.583,0.173,0.286,0.98,
PHL,Asia,Philippines,01/12/2020,432925,1295,1600.429,8418,26,33.286,3950.727,11.818,14.605,76.82,0.237,0.304,0.97,
PHL,Asia,Philippines,02/12/2020,434357,1432,1634.571,8436,18,31.571,3963.795,13.068,14.917,76.984,0.164,0.288,0.94,
PHL,Asia,Philippines,03/12/2020,435413,1056,1588,8446,10,29.143,3973.432,9.637,14.492,77.075,0.091,0.266,0.92,
PHL,Asia,Philippines,04/12/2020,436345,932,1489.571,8509,63,36.286,3981.937,8.505,13.593,77.65,0.575,0.331,0.92,
PHL,Asia,Philippines,05/12/2020,438069,1724,1467.429,8526,17,27.571,3997.67,15.733,13.391,77.805,0.155,0.252,0.95,
PHL,Asia,Philippines,06/12/2020,439834,1765,1424.286,8554,28,25.857,4013.777,16.107,12.998,78.061,0.256,0.236,0.97,
PHL,Asia,Philippines,07/12/2020,441399,1565,1395.571,8572,18,25.714,4028.058,14.282,12.736,78.225,0.164,0.235,0.97,
PHL,Asia,Philippines,08/12/2020,442785,1386,1408.571,8670,98,36,4040.706,12.648,12.854,79.119,0.894,0.329,0.98,
PHL,Asia,Philippines,09/12/2020,444164,1379,1401,8677,7,34.429,4053.291,12.584,12.785,79.183,0.064,0.314,0.97,
PHL,Asia,Philippines,10/12/2020,445540,1376,1446.714,8701,24,36.429,4065.848,12.557,13.202,79.402,0.219,0.332,0.95,
PHL,Asia,Philippines,11/12/2020,447039,1499,1527.714,8709,8,28.571,4079.527,13.679,13.941,79.475,0.073,0.261,0.93,
PHL,Asia,Philippines,12/12/2020,448331,1292,1466,8730,21,29.143,4091.317,11.79,13.378,79.667,0.192,0.266,0.93,
PHL,Asia,Philippines,13/12/2020,449400,1069,1366.571,8733,3,25.571,4101.073,9.755,12.471,79.694,0.027,0.233,0.93,
PHL,Asia,Philippines,14/12/2020,450733,1333,1333.429,8757,24,26.429,4113.237,12.165,12.168,79.913,0.219,0.241,0.96,
PHL,Asia,Philippines,15/12/2020,451839,1106,1293.429,8812,55,20.286,4123.33,10.093,11.803,80.415,0.502,0.185,0.98,
PHL,Asia,Philippines,16/12/2020,452988,1149,1260.571,8833,21,22.286,4133.816,10.485,11.504,80.607,0.192,0.203,1.01,
PHL,Asia,Philippines,17/12/2020,454447,1459,1272.429,8850,17,21.286,4147.13,13.314,11.612,80.762,0.155,0.194,1.03,
PHL,Asia,Philippines,18/12/2020,456562,2115,1360.429,8875,25,23.714,4166.431,19.301,12.415,80.99,0.228,0.216,1.05,
PHL,Asia,Philippines,19/12/2020,458044,1482,1387.571,8911,36,25.857,4179.955,13.524,12.663,81.319,0.329,0.236,1.05,
PHL,Asia,Philippines,20/12/2020,459789,1745,1484.143,8947,36,30.571,4195.879,15.924,13.544,81.647,0.329,0.279,1.05,
PHL,Asia,Philippines,21/12/2020,461505,1716,1538.857,8957,10,28.571,4211.539,15.66,14.043,81.739,0.091,0.261,1.04,
PHL,Asia,Philippines,22/12/2020,462815,1310,1568,9021,64,29.857,4223.493,11.955,14.309,82.323,0.584,0.272,1.02,
PHL,Asia,Philippines,23/12/2020,464004,1189,1573.714,9048,27,30.714,4234.344,10.85,14.361,82.569,0.246,0.28,1,
PHL,Asia,Philippines,24/12/2020,465724,1720,1611,9055,7,29.286,4250.04,15.696,14.701,82.633,0.064,0.267,0.98,
PHL,Asia,Philippines,25/12/2020,467601,1877,1577,9062,7,26.714,4267.169,17.129,14.391,82.697,0.064,0.244,0.95,
PHL,Asia,Philippines,26/12/2020,469005,1404,1565.857,9067,5,22.286,4279.981,12.812,14.289,82.742,0.046,0.203,0.91,
PHL,Asia,Philippines,27/12/2020,469886,881,1442.429,9109,42,23.143,4288.021,8.04,13.163,83.126,0.383,0.211,0.88,
PHL,Asia,Philippines,28/12/2020,470650,764,1306.429,9124,15,23.857,4294.993,6.972,11.922,83.263,0.137,0.218,0.87,
PHL,Asia,Philippines,29/12/2020,471526,876,1244.429,9162,38,20.143,4302.987,7.994,11.356,83.609,0.347,0.184,0.89,
PHL,Asia,Philippines,30/12/2020,472532,1006,1218.286,9230,68,26,4312.168,9.18,11.118,84.23,0.621,0.237,0.92,
PHL,Asia,Philippines,31/12/2020,474064,1532,1191.429,9244,14,27,4326.148,13.981,10.873,84.358,0.128,0.246,0.95,
PHL,Asia,Philippines,01/01/2021,475820,1756,1174.143,9248,4,26.571,4342.173,16.025,10.715,84.394,0.037,0.242,0.95,
PHL,Asia,Philippines,02/01/2021,476916,1096,1130.143,9253,5,26.571,4352.174,10.002,10.313,84.44,0.046,0.242,0.94,
PHL,Asia,Philippines,03/01/2021,477807,891,1131.571,9257,4,21.143,4360.305,8.131,10.326,84.476,0.037,0.193,0.94,
PHL,Asia,Philippines,04/01/2021,478761,954,1158.714,9263,6,19.857,4369.011,8.706,10.574,84.531,0.055,0.181,0.97,
PHL,Asia,Philippines,05/01/2021,479693,932,1166.714,9321,58,22.714,4377.516,8.505,10.647,85.06,0.529,0.207,1.01,
PHL,Asia,Philippines,06/01/2021,480737,1044,1172.143,9347,26,16.714,4387.044,9.527,10.697,85.298,0.237,0.153,1.06,
PHL,Asia,Philippines,07/01/2021,482083,1346,1145.571,9356,9,16,4399.327,12.283,10.454,85.38,0.082,0.146,1.11,
PHL,Asia,Philippines,08/01/2021,483852,1769,1147.429,9364,8,16.571,4415.47,16.143,10.471,85.453,0.073,0.151,1.16,
PHL,Asia,Philippines,09/01/2021,485797,1945,1268.714,9398,34,20.714,4433.219,17.749,11.578,85.763,0.31,0.189,1.2,
PHL,Asia,Philippines,10/01/2021,487690,1893,1411.857,9405,7,21.143,4450.494,17.275,12.884,85.827,0.064,0.193,1.22,
PHL,Asia,Philippines,11/01/2021,489736,2046,1567.857,9416,11,21.857,4469.165,18.671,14.308,85.927,0.1,0.199,1.22,
PHL,Asia,Philippines,12/01/2021,491258,1522,1652.143,9554,138,33.286,4483.055,13.889,15.077,87.187,1.259,0.304,1.2,
PHL,Asia,Philippines,13/01/2021,492700,1442,1709,9699,145,50.286,4496.214,13.159,15.596,88.51,1.323,0.459,1.18,
PHL,Asia,Philippines,14/01/2021,494605,1905,1788.857,9739,40,54.714,4513.598,17.384,16.325,88.875,0.365,0.499,1.16,
PHL,Asia,Philippines,15/01/2021,496646,2041,1827.714,9876,137,73.143,4532.224,18.625,16.679,90.125,1.25,0.667,1.15,
PHL,Asia,Philippines,16/01/2021,498691,2045,1842,9884,8,69.429,4550.886,18.662,16.809,90.198,0.073,0.634,1.13,
PHL,Asia,Philippines,17/01/2021,500577,1886,1841,9895,11,70,4568.097,17.211,16.8,90.298,0.1,0.639,1.12,
PHL,Asia,Philippines,18/01/2021,502736,2159,1857.143,9909,14,70.429,4587.799,19.702,16.948,90.426,0.128,0.643,1.11,
PHL,Asia,Philippines,19/01/2021,504084,1348,1832.286,9978,69,60.571,4600.1,12.301,16.721,91.056,0.63,0.553,1.09,
PHL,Asia,Philippines,20/01/2021,505939,1855,1891.286,10042,64,49,4617.029,16.928,17.259,91.64,0.584,0.447,1.08,
PHL,Asia,Philippines,21/01/2021,507717,1778,1873.143,10116,74,53.857,4633.254,16.225,17.094,92.315,0.675,0.491,1.05,
PHL,Asia,Philippines,22/01/2021,509887,2170,1891.571,10136,20,37.143,4653.057,19.803,17.262,92.498,0.183,0.339,1.03,
PHL,Asia,Philippines,23/01/2021,511679,1792,1855.429,10190,54,43.714,4669.41,16.353,16.932,92.991,0.493,0.399,1.01,
PHL,Asia,Philippines,24/01/2021,513619,1940,1863.143,10242,52,49.571,4687.114,17.704,17.002,93.465,0.475,0.452,1,
PHL,Asia,Philippines,25/01/2021,514996,1377,1751.429,10292,50,54.714,4699.68,12.566,15.983,93.921,0.456,0.499,0.99,
PHL,Asia,Philippines,26/01/2021,516166,1170,1726,10386,94,58.286,4710.357,10.677,15.751,94.779,0.858,0.532,1,
PHL,Asia,Philippines,27/01/2021,518407,2241,1781.143,10481,95,62.714,4730.807,20.451,16.254,95.646,0.867,0.572,1.01,
PHL,Asia,Philippines,28/01/2021,519575,1168,1694,10552,71,62.286,4741.466,10.659,15.459,96.294,0.648,0.568,0.99,
PHL,Asia,Philippines,29/01/2021,521413,1838,1646.571,10600,48,66.286,4758.239,16.773,15.026,96.732,0.438,0.605,0.99,
PHL,Asia,Philippines,30/01/2021,523516,2103,1691,10669,69,68.429,4777.43,19.191,15.431,97.362,0.63,0.624,1,
PHL,Asia,Philippines,31/01/2021,525618,2102,1714.143,10749,80,72.429,4796.612,19.182,15.643,98.092,0.73,0.661,1.01,
PHL,Asia,Philippines,01/02/2021,527272,1654,1753.714,10807,58,73.571,4811.706,15.094,16.004,98.621,0.529,0.671,1,
PHL,Asia,Philippines,02/02/2021,528853,1581,1812.429,10874,67,69.714,4826.134,14.428,16.54,99.232,0.611,0.636,1,
PHL,Asia,Philippines,03/02/2021,530118,1265,1673,10942,68,65.857,4837.678,11.544,15.267,99.853,0.621,0.601,0.98,
PHL,Asia,Philippines,04/02/2021,531699,1581,1732,10997,55,63.571,4852.106,14.428,15.806,100.355,0.502,0.58,0.98,
PHL,Asia,Philippines,05/02/2021,533587,1888,1739.143,11058,61,65.429,4869.335,17.229,15.871,100.912,0.557,0.597,0.98,
PHL,Asia,Philippines,06/02/2021,535521,1934,1715,11110,52,63,4886.984,17.649,15.651,101.386,0.475,0.575,0.98,
PHL,Asia,Philippines,07/02/2021,537310,1789,1670.286,11179,69,61.429,4903.31,16.326,15.242,102.016,0.63,0.561,0.98,
PHL,Asia,Philippines,08/02/2021,538995,1685,1674.714,11231,52,60.571,4918.686,15.377,15.283,102.49,0.475,0.553,0.99,
PHL,Asia,Philippines,09/02/2021,540227,1232,1624.857,11296,65,60.286,4929.929,11.243,14.828,103.083,0.593,0.55,0.99,
PHL,Asia,Philippines,10/02/2021,541560,1333,1634.571,11401,105,65.571,4942.094,12.165,14.917,104.042,0.958,0.598,1,
PHL,Asia,Philippines,11/02/2021,543282,1722,1654.714,11469,68,67.429,4957.808,15.714,15.1,104.662,0.621,0.615,1.01,
PHL,Asia,Philippines,12/02/2021,545300,2018,1673.286,11495,26,62.429,4976.224,18.416,15.27,104.899,0.237,0.57,1.01,
PHL,Asia,Philippines,13/02/2021,547255,1955,1676.286,11507,12,56.714,4994.064,17.841,15.297,105.009,0.11,0.518,1.01,
PHL,Asia,Philippines,14/02/2021,549176,1921,1695.143,11515,8,48,5011.595,17.53,15.469,105.082,0.073,0.438,1.02,
PHL,Asia,Philippines,15/02/2021,550860,1684,1695,11517,2,40.857,5026.962,15.368,15.468,105.1,0.018,0.373,1.02,
PHL,Asia,Philippines,16/02/2021,552246,1386,1717,11524,7,32.571,5039.611,12.648,15.669,105.164,0.064,0.297,1.02,
PHL,Asia,Philippines,17/02/2021,553424,1178,1694.857,11577,53,25.143,5050.361,10.75,15.467,105.648,0.484,0.229,1.03,
PHL,Asia,Philippines,18/02/2021,555163,1739,1697.286,11673,96,29.143,5066.23,15.87,15.489,106.524,0.876,0.266,1.04,
PHL,Asia,Philippines,19/02/2021,557058,1895,1679.714,11829,156,47.714,5083.523,17.293,15.329,107.947,1.424,0.435,1.05,
PHL,Asia,Philippines,20/02/2021,559288,2230,1719,12068,239,80.143,5103.874,20.35,15.687,110.128,2.181,0.731,1.08,
PHL,Asia,Philippines,21/02/2021,561169,1881,1713.286,12088,20,81.857,5121.039,17.165,15.635,110.311,0.183,0.747,1.09,
PHL,Asia,Philippines,22/02/2021,563456,2287,1799.429,12094,6,82.429,5141.909,20.87,16.421,110.366,0.055,0.752,1.11,
PHL,Asia,Philippines,23/02/2021,564865,1409,1802.714,12107,13,83.286,5154.767,12.858,16.451,110.484,0.119,0.76,1.12,
PHL,Asia,Philippines,24/02/2021,566420,1555,1856.571,12129,22,78.857,5168.958,14.19,16.942,110.685,0.201,0.72,1.14,
PHL,Asia,Philippines,25/02/2021,568680,2260,1931,12201,72,75.429,5189.582,20.624,17.622,111.342,0.657,0.688,1.15,
PHL,Asia,Philippines,26/02/2021,571327,2647,2038.429,12247,46,59.714,5213.737,24.156,18.602,111.762,0.42,0.545,1.16,
PHL,Asia,Philippines,27/02/2021,574247,2920,2137,12289,42,31.571,5240.384,26.647,19.502,112.145,0.383,0.288,1.16,
PHL,Asia,Philippines,28/02/2021,576352,2105,2169,12318,29,32.857,5259.594,19.21,19.794,112.41,0.265,0.3,1.15,
PHL,Asia,Philippines,01/03/2021,578381,2029,2132.143,12322,4,32.571,5278.11,18.516,19.457,112.446,0.037,0.297,1.16,
PHL,Asia,Philippines,02/03/2021,580442,2061,2225.286,12369,47,37.429,5296.918,18.808,20.307,112.875,0.429,0.342,1.18,
PHL,Asia,Philippines,03/03/2021,582223,1781,2257.571,12389,20,37.143,5313.171,16.253,20.602,113.058,0.183,0.339,1.19,
PHL,Asia,Philippines,04/03/2021,584667,2444,2283.857,12404,15,29,5335.474,22.303,20.842,113.195,0.137,0.265,1.21,
PHL,Asia,Philippines,05/03/2021,587704,3037,2339.571,12423,19,25.143,5363.188,27.715,21.35,113.368,0.173,0.229,1.24,
PHL,Asia,Philippines,06/03/2021,591138,3434,2413,12465,42,25.143,5394.526,31.338,22.02,113.751,0.383,0.229,1.26,
PHL,Asia,Philippines,07/03/2021,594412,3274,2580,12516,51,28.286,5424.403,29.877,23.544,114.217,0.465,0.258,1.29,
PHL,Asia,Philippines,08/03/2021,597763,3351,2768.857,12521,5,28.429,5454.983,30.58,25.268,114.262,0.046,0.259,1.3,
PHL,Asia,Philippines,09/03/2021,600428,2665,2855.143,12528,7,22.714,5479.303,24.32,26.055,114.326,0.064,0.207,1.31,
PHL,Asia,Philippines,10/03/2021,603308,2880,3012.143,12545,17,22.286,5505.585,26.282,27.488,114.481,0.155,0.203,1.33,
PHL,Asia,Philippines,11/03/2021,607048,3740,3197.286,12608,63,29.143,5539.715,34.13,29.177,115.056,0.575,0.266,1.35,
PHL,Asia,Philippines,12/03/2021,611618,4570,3416.286,12694,86,38.714,5581.419,41.704,31.176,115.841,0.785,0.353,1.36,
PHL,Asia,Philippines,13/03/2021,616611,4993,3639,12766,72,43,5626.984,45.564,33.208,116.498,0.657,0.392,1.38,
PHL,Asia,Philippines,14/03/2021,621498,4887,3869.429,12829,63,44.714,5671.581,44.597,35.311,117.073,0.575,0.408,1.39,
PHL,Asia,Philippines,15/03/2021,626893,5395,4161.429,12837,8,45.143,5720.814,49.233,37.976,117.146,0.073,0.412,1.4,
PHL,Asia,Philippines,16/03/2021,631320,4427,4413.143,12848,11,45.714,5761.213,40.399,40.273,117.247,0.1,0.417,1.4,
PHL,Asia,Philippines,17/03/2021,635698,4378,4627.143,12866,18,45.857,5801.165,39.952,42.226,117.411,0.164,0.418,1.4,
PHL,Asia,Philippines,18/03/2021,640984,5286,4848,12887,21,39.857,5849.404,48.238,44.241,117.602,0.192,0.364,1.4,
PHL,Asia,Philippines,19/03/2021,648066,7082,5206.857,12900,13,29.429,5914.032,64.628,47.516,117.721,0.119,0.269,1.41,
PHL,Asia,Philippines,20/03/2021,656056,7990,5635,12930,30,23.429,5986.946,72.914,51.423,117.995,0.274,0.214,1.41,
PHL,Asia,Philippines,21/03/2021,663794,7738,6042.286,12968,38,19.857,6057.56,70.614,55.14,118.342,0.347,0.181,1.41,
PHL,Asia,Philippines,22/03/2021,671792,7998,6414.143,12972,4,19.286,6130.547,72.987,58.533,118.378,0.037,0.176,1.39,
PHL,Asia,Philippines,23/03/2021,677653,5861,6619,12992,20,20.571,6184.033,53.486,60.403,118.561,0.183,0.188,1.37,
PHL,Asia,Philippines,24/03/2021,684311,6658,6944.714,13039,47,24.714,6244.791,60.759,63.375,118.99,0.429,0.226,1.36,
PHL,Asia,Philippines,25/03/2021,693048,8737,7437.714,13095,56,29.714,6324.522,79.731,67.874,119.501,0.511,0.271,1.35,
PHL,Asia,Philippines,26/03/2021,702856,9808,7827.143,13149,54,35.571,6414.027,89.504,71.428,119.993,0.493,0.325,1.32,
PHL,Asia,Philippines,27/03/2021,712442,9586,8055.143,13159,10,32.714,6501.505,87.479,73.509,120.085,0.091,0.299,1.3,
PHL,Asia,Philippines,28/03/2021,721892,9450,8299.714,13170,11,28.857,6587.743,86.238,75.74,120.185,0.1,0.263,1.29,
PHL,Asia,Philippines,29/03/2021,731894,10002,8586,13186,16,30.571,6679.018,91.275,78.353,120.331,0.146,0.279,1.28,
PHL,Asia,Philippines,30/03/2021,741181,9287,9075.429,13191,5,28.429,6763.768,84.75,82.819,120.377,0.046,0.259,1.26,
PHL,Asia,Philippines,31/03/2021,747288,6107,8996.714,13297,106,36.857,6819.498,55.73,82.101,121.344,0.967,0.336,1.24,
PHL,Asia,Philippines,01/04/2021,756199,8911,9021.571,13303,6,29.714,6900.817,81.319,82.328,121.399,0.055,0.271,1.23,
PHL,Asia,Philippines,02/04/2021,771497,15298,9805.857,13320,17,24.429,7040.421,139.604,89.485,121.554,0.155,0.223,1.23,
PHL,Asia,Philippines,03/04/2021,784043,12546,10228.714,13423,103,37.714,7154.912,114.491,93.344,122.494,0.94,0.344,1.2,
PHL,Asia,Philippines,04/04/2021,795051,11008,10451.286,13425,2,36.429,7255.367,100.455,95.375,122.512,0.018,0.332,1.16,
PHL,Asia,Philippines,05/04/2021,803398,8347,10214.857,13435,10,35.571,7331.539,76.172,93.217,122.603,0.091,0.325,1.12,
PHL,Asia,Philippines,06/04/2021,812760,9362,10225.571,13817,382,89.429,7416.973,85.434,93.315,126.089,3.486,0.816,1.11,
PHL,Asia,Philippines,07/04/2021,819164,6404,10268,14059,242,108.857,7475.414,58.441,93.702,128.298,2.208,0.993,1.09,
PHL,Asia,Philippines,08/04/2021,828366,9202,10309.571,14119,60,116.571,7559.389,83.974,94.082,128.845,0.548,1.064,1.08,
PHL,Asia,Philippines,09/04/2021,840554,12188,9865.286,14520,401,171.429,7670.612,111.224,90.027,132.505,3.659,1.564,1.08,
PHL,Asia,Philippines,10/04/2021,853209,12655,9880.857,14744,224,188.714,7786.097,115.485,90.169,134.549,2.044,1.722,1.08,
PHL,Asia,Philippines,11/04/2021,864868,11659,9973.857,14945,201,217.143,7892.493,106.396,91.018,136.383,1.834,1.982,1.08,
PHL,Asia,Philippines,12/04/2021,876225,11357,10403.857,15149,204,244.857,7996.134,103.64,94.942,138.245,1.862,2.234,1.07,
PHL,Asia,Philippines,13/04/2021,884783,8558,10289,15286,137,209.857,8074.231,78.097,93.894,139.495,1.25,1.915,1.05,
PHL,Asia,Philippines,14/04/2021,892880,8097,10530.857,15447,161,198.286,8148.122,73.89,96.101,140.964,1.469,1.809,1.03,
PHL,Asia,Philippines,15/04/2021,904285,11405,10845.571,15594,147,210.714,8252.2,104.078,98.973,142.306,1.341,1.923,1.01,
PHL,Asia,Philippines,16/04/2021,914971,10686,10631,15738,144,174,8349.717,97.517,97.015,143.62,1.314,1.588,0.99,
PHL,Asia,Philippines,17/04/2021,926052,11081,10406.143,15810,72,152.286,8450.838,101.121,94.963,144.277,0.657,1.39,0.98,
PHL,Asia,Philippines,18/04/2021,936133,10081,10180.714,15960,150,145,8542.834,91.996,92.906,145.646,1.369,1.323,0.97,
PHL,Asia,Philippines,19/04/2021,945745,9612,9931.429,16048,88,128.429,8630.55,87.716,90.631,146.449,0.803,1.172,0.96,
PHL,Asia,Philippines,20/04/2021,953106,7361,9760.429,16141,93,122.143,8697.724,67.174,89.07,147.297,0.849,1.115,0.95,
PHL,Asia,Philippines,21/04/2021,962307,9201,9918.143,16265,124,116.857,8781.689,83.965,90.51,148.429,1.132,1.066,0.94,
PHL,Asia,Philippines,22/04/2021,971049,8742,9537.714,16370,105,110.857,8861.465,79.777,87.038,149.387,0.958,1.012,0.92,
PHL,Asia,Philippines,23/04/2021,979740,8691,9252.714,16529,159,113,8940.777,79.311,84.437,150.838,1.451,1.031,0.9,
PHL,Asia,Philippines,24/04/2021,989380,9640,9046.857,16674,145,123.429,9028.748,87.971,82.559,152.161,1.323,1.126,0.9,
PHL,Asia,Philippines,25/04/2021,997523,8143,8770,16783,109,117.571,9103.058,74.31,80.032,153.156,0.995,1.073,0.91,
PHL,Asia,Philippines,26/04/2021,1006428,8905,8669,16853,70,115,9184.322,81.264,79.11,153.795,0.639,1.049,0.92,
PHL,Asia,Philippines,27/04/2021,1013618,7190,8644.571,16916,63,110.714,9249.936,65.614,78.887,154.37,0.575,1.01,0.92,
PHL,Asia,Philippines,28/04/2021,1020495,6877,8312.571,17031,115,109.429,9312.693,62.757,75.858,155.419,1.049,0.999,0.91,
PHL,Asia,Philippines,29/04/2021,1028738,8243,8241.286,17145,114,110.714,9387.916,75.223,75.207,156.459,1.04,1.01,0.91,
PHL,Asia,Philippines,30/04/2021,1037460,8722,8245.714,17234,89,100.714,9467.51,79.594,75.248,157.272,0.812,0.919,0.9,
PHL,Asia,Philippines,01/05/2021,1046653,9193,8181.857,17354,120,97.143,9551.402,83.892,74.665,158.367,1.095,0.886,0.9,
PHL,Asia,Philippines,02/05/2021,1054983,8330,8208.571,17431,77,92.571,9627.419,76.017,74.909,159.069,0.703,0.845,0.89,
PHL,Asia,Philippines,03/05/2021,1062225,7242,7971,17525,94,96,9693.507,66.088,72.741,159.927,0.858,0.876,0.88,
PHL,Asia,Philippines,04/05/2021,1067892,5667,7753.429,17622,97,100.857,9745.222,51.715,70.755,160.812,0.885,0.92,0.88,
PHL,Asia,Philippines,05/05/2021,1073555,5663,7580,17800,178,109.857,9796.901,51.679,69.173,162.437,1.624,1.003,0.87,
PHL,Asia,Philippines,06/05/2021,1080172,6617,7347.714,17991,191,120.857,9857.285,60.385,67.053,164.18,1.743,1.103,0.86,
PHL,Asia,Philippines,07/05/2021,1087885,7713,7203.571,18099,108,123.571,9927.671,70.386,65.737,165.165,0.986,1.128,0.86,
PHL,Asia,Philippines,08/05/2021,1094849,6964,6885.143,18269,170,130.714,9991.222,63.551,62.831,166.717,1.551,1.193,0.87,
PHL,Asia,Philippines,09/05/2021,1101990,7141,6715.286,18472,203,148.714,10056.389,65.166,61.281,168.569,1.853,1.357,0.88,
PHL,Asia,Philippines,10/05/2021,1108826,6836,6657.286,18562,90,148.143,10118.772,62.383,60.752,169.391,0.821,1.352,0.88,
PHL,Asia,Philippines,11/05/2021,1113547,4721,6522.143,18620,58,142.571,10161.854,43.082,59.519,169.92,0.529,1.301,0.88,
PHL,Asia,Philippines,12/05/2021,1118359,4812,6400.571,18714,94,130.571,10205.767,43.913,58.409,170.778,0.858,1.192,0.87,
PHL,Asia,Philippines,13/05/2021,1124724,6365,6364.571,18821,107,118.571,10263.852,58.085,58.081,171.754,0.976,1.082,0.87,
PHL,Asia,Philippines,14/05/2021,1131467,6743,6226,18958,137,122.714,10325.386,61.534,56.816,173.004,1.25,1.12,0.88,
PHL,Asia,Philippines,15/05/2021,1138187,6720,6191.143,19051,93,111.714,10386.71,61.324,56.498,173.853,0.849,1.019,0.88,
PHL,Asia,Philippines,16/05/2021,1143963,5776,5996.143,19191,140,102.714,10439.42,52.71,54.719,175.131,1.278,0.937,0.89,
PHL,Asia,Philippines,17/05/2021,1149925,5962,5871.286,19262,71,100,10493.827,54.407,53.579,175.779,0.648,0.913,0.89,
PHL,Asia,Philippines,18/05/2021,1154388,4463,5834.429,19372,110,107.429,10534.555,40.728,53.243,176.782,1.004,0.98,0.9,
PHL,Asia,Philippines,19/05/2021,1159071,4683,5816,19507,135,113.286,10577.291,42.735,53.075,178.014,1.232,1.034,0.9,
PHL,Asia,Philippines,20/05/2021,1165155,6084,5775.857,19641,134,117.143,10632.811,55.521,52.709,179.237,1.223,1.069,0.89,
PHL,Asia,Philippines,21/05/2021,1171403,6248,5705.143,19763,122,115,10689.828,57.017,52.063,180.35,1.113,1.049,0.89,
PHL,Asia,Philippines,22/05/2021,1178217,6814,5718.571,19946,183,127.857,10752.011,62.182,52.186,182.02,1.67,1.167,0.89,
PHL,Asia,Philippines,23/05/2021,1179812,1595,5121.286,19951,5,108.571,10766.566,14.555,46.735,182.066,0.046,0.991,0.89,
PHL,Asia,Philippines,24/05/2021,1184706,4894,4968.714,19983,32,103,10811.227,44.661,45.343,182.358,0.292,0.94,0.93,
PHL,Asia,Philippines,25/05/2021,1188672,3966,4897.714,20019,36,92.429,10847.42,36.192,44.695,182.687,0.329,0.843,0.97,
PHL,Asia,Philippines,26/05/2021,1193976,5304,4986.429,20169,150,94.571,10895.822,48.403,45.504,184.055,1.369,0.863,1.02,
PHL,Asia,Philippines,27/05/2021,1200430,6454,5039.286,20379,210,105.429,10954.719,58.897,45.987,185.972,1.916,0.962,1.05,
PHL,Asia,Philippines,28/05/2021,1209154,8724,5393,20566,187,114.714,11034.331,79.612,49.215,187.678,1.706,1.047,1.08,
PHL,Asia,Philippines,29/05/2021,1216582,7428,5480.714,20722,156,110.857,11102.117,67.785,50.015,189.102,1.424,1.012,1.08,
PHL,Asia,Philippines,30/05/2021,1223627,7045,6259.286,20860,138,129.857,11166.407,64.29,57.12,190.361,1.259,1.185,,
